DIABETES,0.0,1.0,All
0,0.39236284809071204,0.32266133066533265,0.7150241787560447
1,0.15407703851925963,0.13089878272469568,0.2849758212439553
All,0.5464398866099717,0.45356011339002833,1.0
